sample_id,node_idx,true_target,gat_predicted_target
9,1,6.526535511016846,12.880577087402344
9,2,7.174520492553711,12.038485527038574
9,3,18.745073318481445,10.535176277160645
9,4,21.598079681396484,21.76878547668457
9,5,29.853134155273438,17.060911178588867
9,6,36.94078826904297,10.212910652160645
9,7,41.815521240234375,11.014493942260742
9,8,19.530508041381836,15.224197387695312
9,9,7.059026718139648,9.86296272277832
9,10,9.09934139251709,11.556873321533203
9,11,25.95248794555664,16.191953659057617
9,12,8.684941291809082,11.337825775146484
9,13,6.730550289154053,11.023987770080566
9,14,7.385108947753906,11.525447845458984
9,15,24.581148147583008,14.184735298156738
9,16,58.24066162109375,10.792659759521484
9,17,21.87802505493164,10.21307373046875
9,18,29.793317794799805,15.468669891357422
9,19,5.938145160675049,11.605767250061035
9,20,18.6940975189209,15.60811996459961
9,21,6.633086204528809,11.078205108642578
9,22,11.396531105041504,12.758622169494629
9,23,17.064720153808594,16.764951705932617
9,24,6.929970741271973,11.486414909362793
9,25,22.634248733520508,11.135788917541504
9,26,32.25286102294922,11.842838287353516
9,27,9.013726234436035,15.331201553344727
9,28,8.672027587890625,15.443336486816406
9,29,12.678932189941406,15.004646301269531
9,30,10.337518692016602,13.747357368469238
9,31,7.716777324676514,10.477334022521973
9,32,7.0013532638549805,10.637819290161133
9,33,8.741844177246094,11.349685668945312
9,34,7.657368183135986,11.686232566833496
9,35,7.591127872467041,12.8645658493042
9,36,30.466066360473633,15.165225982666016
9,37,10.412293434143066,13.293901443481445
9,38,8.007796287536621,10.409619331359863
9,39,14.030706405639648,15.302736282348633
9,40,31.46096420288086,33.22321319580078
9,41,7.968109130859375,10.62376880645752
9,42,23.496585845947266,18.87882423400879
9,43,24.542020797729492,17.58133316040039
9,44,8.25347900390625,16.8895206451416
9,45,7.913727760314941,12.471302032470703
9,46,8.512372970581055,22.15748405456543
9,47,10.24147891998291,9.746274948120117
9,48,26.478622436523438,17.66290283203125
9,49,32.60519027709961,12.8021879196167
9,50,9.3594388961792,14.05938720703125
9,51,6.880949020385742,9.185877799987793
9,52,47.719276428222656,10.258675575256348
9,53,31.588172912597656,13.640325546264648
9,54,18.914152145385742,14.181832313537598
9,55,8.266717910766602,12.057502746582031
9,56,13.738247871398926,12.519393920898438
9,57,8.319668769836426,11.662163734436035
9,58,12.236346244812012,12.77804946899414
9,59,7.57292366027832,11.143389701843262
9,60,7.4088664054870605,10.602568626403809
9,61,14.083584785461426,18.098548889160156
9,62,7.953517436981201,11.67722225189209
9,63,9.790312767028809,11.503828048706055
9,64,9.083614349365234,15.806375503540039
9,65,15.867127418518066,15.251060485839844
9,66,8.089975357055664,10.635799407958984
9,67,10.525632858276367,11.685050010681152
9,68,21.40576171875,23.046457290649414
9,69,10.00777816772461,14.424290657043457
9,70,7.731075763702393,10.410215377807617
9,71,7.971406936645508,11.61247730255127
9,72,19.79083251953125,11.139050483703613
9,73,9.3172025680542,13.772648811340332
9,74,8.19941234588623,20.397159576416016
9,75,12.825939178466797,18.16432762145996
9,76,7.056803226470947,11.387836456298828
9,77,40.60940933227539,23.92226791381836
9,78,8.809258460998535,11.203194618225098
9,79,7.837733745574951,10.613048553466797
9,80,5.756493091583252,13.47641658782959
9,81,7.568040370941162,10.996012687683105
9,82,36.985130310058594,16.526845932006836
9,83,10.32020092010498,17.125102996826172
9,84,15.43980598449707,16.62401580810547
9,85,10.725460052490234,16.3516902923584
9,86,8.486706733703613,10.995025634765625
9,87,6.593297004699707,11.315119743347168
9,88,8.288976669311523,10.745772361755371
9,89,13.07214641571045,13.672721862792969
9,90,19.816892623901367,11.623559951782227
9,91,6.471319198608398,15.843591690063477
9,92,10.421323776245117,15.62100601196289
9,93,9.193384170532227,11.33564281463623
9,94,14.432559967041016,14.999946594238281
9,95,19.780004501342773,11.770088195800781
9,96,8.389334678649902,13.337794303894043
9,97,20.401052474975586,17.03090476989746
9,98,6.609350681304932,11.229268074035645
9,99,8.399157524108887,11.4389066696167
9,100,24.772321701049805,10.636210441589355
9,101,63.26582717895508,23.980976104736328
9,102,8.880574226379395,10.622502326965332
9,103,14.347424507141113,10.395648956298828
9,104,8.272451400756836,16.89556121826172
9,105,11.334657669067383,11.593474388122559
9,106,22.797698974609375,15.219892501831055
9,107,24.161296844482422,10.934940338134766
9,108,23.851760864257812,10.439410209655762
9,109,23.375972747802734,11.22537612915039
9,110,7.359466552734375,10.949803352355957
9,111,7.030035495758057,11.026445388793945
9,112,21.76586151123047,16.911701202392578
9,113,22.580272674560547,12.983051300048828
9,114,41.38795852661133,8.899459838867188
9,115,23.072219848632812,12.100019454956055
9,116,8.782532691955566,17.649456024169922
9,117,15.452402114868164,11.10153579711914
9,118,6.494795322418213,10.596887588500977
9,119,8.89017105102539,10.287947654724121
9,120,8.080252647399902,11.118091583251953
9,121,36.02767562866211,25.28895378112793
9,122,13.474562644958496,11.754140853881836
9,123,9.37997817993164,12.092753410339355
9,124,29.886234283447266,10.642115592956543
9,125,7.815674781799316,9.770234107971191
9,126,8.1595458984375,11.786884307861328
9,127,9.18124008178711,12.025674819946289
9,128,8.291199684143066,11.133393287658691
9,129,8.970590591430664,10.764479637145996
9,130,6.137876987457275,9.40114974975586
9,131,47.47737503051758,11.0601806640625
9,132,34.92246627807617,19.620174407958984
9,133,7.820286273956299,12.163811683654785
9,134,16.702503204345703,12.497442245483398
9,135,8.610194206237793,10.34111499786377
9,136,8.004563331604004,15.157470703125
9,137,8.011898040771484,12.844534873962402
9,138,8.491300582885742,11.110919952392578
9,139,11.72263240814209,10.274950981140137
9,140,7.762606620788574,9.565546035766602
9,141,8.423115730285645,17.68593406677246
9,142,20.189029693603516,11.846179962158203
9,143,31.290782928466797,10.517220497131348
9,144,19.59650993347168,13.45572566986084
9,145,35.9993896484375,12.579545021057129
9,146,8.558597564697266,12.104342460632324
9,147,28.61194610595703,12.107142448425293
9,148,15.405007362365723,9.997132301330566
9,149,9.980392456054688,12.961917877197266
9,150,7.294365882873535,14.372001647949219
9,151,29.054039001464844,13.436838150024414
9,152,8.060394287109375,12.186421394348145
9,153,7.173348426818848,10.862689971923828
9,154,45.93107604980469,13.512992858886719
9,155,8.140015602111816,13.547208786010742
9,156,7.690434455871582,10.262707710266113
9,157,31.532337188720703,10.872135162353516
9,158,7.316551208496094,12.92085075378418
9,159,6.257223129272461,10.813039779663086
9,160,9.472382545471191,9.85342788696289
9,161,20.912578582763672,15.708877563476562
9,162,59.854740142822266,10.503636360168457
9,163,21.739545822143555,20.348678588867188
9,164,8.711492538452148,13.58189868927002
9,165,8.71214485168457,9.895600318908691
9,166,8.384767532348633,10.536331176757812
9,167,43.70975112915039,30.714454650878906
9,168,11.66436767578125,13.428940773010254
9,169,7.631771564483643,10.323066711425781
9,170,33.27445983886719,17.919157028198242
9,171,17.55666732788086,18.035120010375977
9,172,10.041897773742676,12.104430198669434
9,173,21.320777893066406,14.232519149780273
9,174,56.0821418762207,20.7872314453125
9,175,7.883111476898193,10.205414772033691
9,176,31.6541805267334,13.971824645996094
9,177,9.704205513000488,14.466196060180664
9,178,7.788784980773926,11.341194152832031
9,179,10.921906471252441,13.660255432128906
9,180,8.331092834472656,10.543702125549316
9,181,6.778981685638428,11.542858123779297
9,182,44.96868133544922,18.45442008972168
9,183,8.170923233032227,11.624195098876953
9,184,9.569879531860352,13.444546699523926
9,185,6.819573402404785,12.077370643615723
9,186,14.61447525024414,10.05406665802002
9,187,17.442276000976562,17.85218048095703
9,188,49.03355407714844,14.972774505615234
9,189,7.212250232696533,10.685678482055664
9,190,7.273533821105957,11.36829662322998
9,191,7.144776821136475,10.398768424987793
9,192,7.888223171234131,9.249207496643066
9,193,28.3618221282959,16.451824188232422
9,194,8.683906555175781,16.558259963989258
9,195,21.595354080200195,19.504642486572266
9,196,8.157681465148926,10.393040657043457
9,197,7.436339378356934,9.841282844543457
9,198,10.199158668518066,14.254467010498047
9,199,7.147758960723877,16.730512619018555
9,200,11.357354164123535,11.623550415039062
9,201,17.416460037231445,10.266226768493652
9,202,32.13714599609375,12.61213493347168
9,203,24.50663185119629,14.102660179138184
9,204,11.830802917480469,12.933313369750977
9,205,7.258033275604248,11.030494689941406
9,206,9.509073257446289,13.544279098510742
9,207,5.243501663208008,8.865350723266602
9,208,9.213388442993164,16.05251121520996
9,209,30.738834381103516,11.0498046875
9,210,17.076074600219727,11.046231269836426
9,211,7.416036605834961,9.888593673706055
9,212,7.695029258728027,10.751766204833984
9,213,14.001834869384766,14.332269668579102
9,214,7.68462610244751,12.235403060913086
9,215,6.475555419921875,14.786768913269043
9,216,7.254185199737549,9.902413368225098
9,217,33.19718551635742,19.775087356567383
9,218,26.728300094604492,10.381057739257812
9,219,33.57554244995117,15.301481246948242
9,220,14.61319351196289,15.02725601196289
9,221,36.36794662475586,13.568717956542969
9,222,8.425790786743164,11.106331825256348
9,223,31.190095901489258,12.717594146728516
9,224,6.9118733406066895,11.479867935180664
9,225,25.102394104003906,15.516611099243164
9,226,41.76150131225586,15.078710556030273
9,227,19.759672164916992,13.169453620910645
9,228,21.4635066986084,18.135595321655273
9,229,7.3122477531433105,9.095036506652832
9,230,18.58980369567871,10.79920768737793
9,231,31.983673095703125,13.993289947509766
9,232,30.44233512878418,9.837990760803223
9,233,11.739288330078125,11.604483604431152
9,234,29.44510269165039,14.146895408630371
9,235,9.304924011230469,11.093538284301758
9,236,20.72574806213379,12.208402633666992
9,237,36.01302719116211,29.2273006439209
9,238,24.62660026550293,16.72478675842285
9,239,10.678200721740723,11.038973808288574
9,240,6.408893585205078,12.165414810180664
9,241,25.14030647277832,34.50284194946289
9,242,7.4640302658081055,10.932157516479492
9,243,7.987759590148926,10.541302680969238
9,244,9.05067253112793,13.874933242797852
9,245,4.832581043243408,10.831823348999023
9,246,8.470794677734375,10.790416717529297
9,247,9.401810646057129,11.68769645690918
9,248,7.086228847503662,11.282003402709961
9,249,11.359579086303711,10.635697364807129
9,250,18.476041793823242,14.347652435302734
9,251,6.390591144561768,10.830516815185547
9,252,8.446080207824707,10.36900520324707
9,253,6.776009559631348,13.184048652648926
9,254,8.246874809265137,9.643548965454102
9,255,8.968483924865723,10.634360313415527
9,256,7.441261291503906,10.986058235168457
9,257,7.260718822479248,10.389738082885742
9,258,12.236557006835938,14.755372047424316
9,259,8.222016334533691,12.209785461425781
9,260,9.162808418273926,11.810199737548828
9,261,35.530757904052734,15.706832885742188
9,262,20.321958541870117,16.59187889099121
9,263,8.026658058166504,16.461591720581055
9,264,5.089808464050293,10.960443496704102
9,265,29.938146591186523,14.682438850402832
9,266,39.36318588256836,11.012999534606934
9,267,54.739280700683594,13.426019668579102
9,268,8.535107612609863,11.479055404663086
9,269,25.651988983154297,12.163174629211426
9,270,23.528385162353516,11.686232566833496
9,271,45.270362854003906,13.922165870666504
9,272,26.9543399810791,15.199947357177734
9,273,8.771178245544434,11.463641166687012
9,274,7.9433674812316895,15.63498306274414
9,275,10.324524879455566,12.985832214355469
9,276,6.9958815574646,13.724288940429688
9,277,22.22059440612793,11.544368743896484
9,278,9.171277046203613,14.868399620056152
9,279,5.850593090057373,10.570984840393066
9,280,5.519349098205566,14.623745918273926
9,281,23.29718017578125,10.181961059570312
9,282,45.08432388305664,15.735034942626953
9,283,6.022545337677002,14.042396545410156
9,284,6.885590076446533,10.922250747680664
9,285,7.568687438964844,10.9586181640625
9,286,8.86058235168457,10.705320358276367
9,287,7.979283809661865,12.277159690856934
9,288,8.771896362304688,12.876788139343262
9,289,14.282722473144531,12.924917221069336
9,290,27.502300262451172,15.629110336303711
9,291,8.813061714172363,10.226924896240234
9,292,13.025572776794434,11.247916221618652
9,293,19.513763427734375,24.552265167236328
9,294,8.831441879272461,11.281048774719238
9,295,36.19693374633789,13.793383598327637
9,296,40.01226806640625,10.491703987121582
9,297,8.534136772155762,12.141731262207031
9,298,7.595417022705078,15.633140563964844
9,299,7.9018988609313965,11.61581802368164
9,300,7.478780269622803,12.435845375061035
9,301,10.434487342834473,18.223337173461914
9,302,44.92728805541992,9.826531410217285
9,303,7.073521137237549,12.882192611694336
9,304,23.157909393310547,11.261520385742188
9,305,34.201438903808594,14.38997745513916
9,306,50.31473159790039,17.58072280883789
9,307,7.364073276519775,9.871058464050293
9,308,51.550411224365234,21.584423065185547
9,309,7.201816082000732,10.499007225036621
9,310,23.895662307739258,16.614458084106445
9,311,27.188135147094727,17.647069931030273
9,312,54.11042022705078,9.812750816345215
9,313,27.642614364624023,19.5294189453125
9,314,8.355890274047852,11.603768348693848
9,315,31.7098388671875,14.236495971679688
9,316,27.20020866394043,14.487553596496582
9,317,23.53399658203125,13.649801254272461
9,318,5.8177666664123535,12.504842758178711
9,319,14.112110137939453,10.379016876220703
9,320,8.64006233215332,11.34791374206543
9,321,23.86952781677246,11.384044647216797
9,322,17.814496994018555,15.506879806518555
9,323,8.937365531921387,11.568062782287598
9,324,22.95598602294922,12.492629051208496
9,325,7.6161065101623535,12.019906044006348
9,326,8.216854095458984,11.457188606262207
9,327,6.906337261199951,10.63060188293457
9,328,24.672897338867188,13.255674362182617
9,329,5.811922073364258,10.70676326751709
9,330,28.476768493652344,15.439729690551758
9,331,11.765378952026367,13.639613151550293
9,332,18.639354705810547,11.953948974609375
9,333,31.217330932617188,11.553020477294922
9,334,12.773508071899414,10.724357604980469
9,335,14.041606903076172,12.767305374145508
9,336,7.733734130859375,10.264286994934082
9,337,9.1126708984375,14.81090259552002
9,338,36.67418670654297,11.767491340637207
9,339,7.652798175811768,12.707283020019531
9,340,8.42302131652832,12.302740097045898
9,341,17.35110855102539,14.899107933044434
9,342,11.079792022705078,10.687163352966309
9,343,13.774760246276855,12.191518783569336
9,344,24.06954002380371,13.412866592407227
9,345,23.050983428955078,10.162482261657715
9,346,12.462868690490723,11.404106140136719
9,347,7.794560432434082,10.57789421081543
9,348,13.468613624572754,10.287582397460938
9,349,34.402244567871094,15.395843505859375
9,350,7.205143928527832,9.769255638122559
9,351,39.84846496582031,16.82562828063965
9,352,31.143054962158203,10.777750968933105
9,353,8.319721221923828,10.064621925354004
9,354,7.748847007751465,11.233756065368652
9,355,49.29316329956055,11.649593353271484
9,356,11.848514556884766,15.575759887695312
9,357,27.634536743164062,12.1438627243042
9,358,13.170923233032227,18.080585479736328
9,359,7.7251200675964355,11.414292335510254
9,360,7.402401447296143,10.071493148803711
9,361,7.204163074493408,10.577408790588379
9,362,7.809388637542725,24.830276489257812
9,363,35.274593353271484,13.249381065368652
9,364,24.213321685791016,11.284276008605957
9,365,16.4307918548584,11.275402069091797
9,366,9.139568328857422,11.87006664276123
9,367,30.444244384765625,21.083316802978516
9,368,21.736278533935547,19.801054000854492
9,369,7.526792049407959,10.680636405944824
9,370,9.332796096801758,12.606959342956543
9,371,8.482261657714844,11.828540802001953
9,372,6.513077735900879,11.254780769348145
9,373,9.79358196258545,11.391729354858398
9,374,7.814920902252197,10.066774368286133
9,375,11.42678451538086,20.551847457885742
9,376,8.628803253173828,11.351279258728027
9,377,8.505937576293945,14.776997566223145
9,378,12.358304023742676,10.53332805633545
9,379,18.80821990966797,13.90463924407959
9,380,13.37167739868164,12.06422233581543
9,381,7.8195905685424805,10.816343307495117
9,382,8.087327003479004,11.161457061767578
9,383,9.07183837890625,11.026786804199219
9,384,4.760756015777588,19.736469268798828
9,385,6.207897186279297,10.272981643676758
9,386,7.984626293182373,11.232665061950684
9,387,7.73138427734375,9.79980754852295
9,388,13.668662071228027,21.698135375976562
9,389,7.9388017654418945,10.349145889282227
9,390,36.19827651977539,12.295523643493652
9,391,10.829675674438477,13.981983184814453
9,392,8.834844589233398,12.311991691589355
9,393,9.533886909484863,14.968426704406738
9,394,9.708602905273438,16.431472778320312
9,395,4.90082311630249,10.804525375366211
9,396,8.941720962524414,11.778332710266113
9,397,20.269254684448242,10.804939270019531
9,398,5.528344631195068,11.817965507507324
9,399,17.27876091003418,18.091169357299805
9,400,5.753740310668945,12.428873062133789
10,1,7.859650135040283,14.888748168945312
10,2,8.8262939453125,11.931009292602539
10,3,18.479217529296875,11.384989738464355
10,4,27.315317153930664,14.591795921325684
10,5,27.59660530090332,20.715333938598633
10,6,23.382911682128906,16.16952133178711
10,7,18.855876922607422,13.264092445373535
10,8,5.734359264373779,10.466686248779297
10,9,55.0941276550293,20.01610565185547
10,10,8.329268455505371,11.412841796875
10,11,6.865598201751709,10.669310569763184
10,12,7.300004482269287,10.752886772155762
10,13,17.50632095336914,14.45174503326416
10,14,10.76677131652832,11.78481674194336
10,15,7.162766933441162,16.893999099731445
10,16,41.210838317871094,15.325275421142578
10,17,40.31515121459961,11.56070327758789
10,18,22.433048248291016,10.32150650024414
10,19,8.557971000671387,13.52920913696289
10,20,8.909017562866211,12.304849624633789
10,21,7.31202507019043,10.262970924377441
10,22,18.021085739135742,12.533132553100586
10,23,13.685236930847168,12.353655815124512
10,24,14.364359855651855,15.663690567016602
10,25,18.93903160095215,12.874128341674805
10,26,22.811540603637695,10.496773719787598
10,27,31.227535247802734,12.302168846130371
10,28,18.43968963623047,11.343790054321289
10,29,9.709386825561523,20.114974975585938
10,30,10.237566947937012,10.918044090270996
10,31,9.376547813415527,14.168708801269531
10,32,29.71540069580078,12.614056587219238
10,33,4.749897003173828,12.689323425292969
10,34,15.578805923461914,14.252037048339844
10,35,8.811429977416992,14.579645156860352
10,36,21.95210838317871,15.261470794677734
10,37,8.100960731506348,10.423022270202637
10,38,8.513648986816406,10.518656730651855
10,39,7.320553302764893,11.05655288696289
10,40,28.707216262817383,9.983891487121582
10,41,7.553553104400635,9.874252319335938
10,42,10.23320484161377,13.419466018676758
10,43,8.615643501281738,15.255819320678711
10,44,11.876700401306152,12.656904220581055
10,45,8.339001655578613,12.462404251098633
10,46,20.991342544555664,11.95501708984375
10,47,14.190018653869629,15.001461029052734
10,48,21.016813278198242,15.035905838012695
10,49,11.919196128845215,17.40378189086914
10,50,24.76720428466797,11.098605155944824
10,51,20.030250549316406,15.297334671020508
10,52,5.663400173187256,11.655838012695312
10,53,26.735994338989258,13.80811595916748
10,54,24.292022705078125,14.20525074005127
10,55,7.211731433868408,10.929285049438477
10,56,8.804460525512695,12.066003799438477
10,57,9.543947219848633,12.257772445678711
10,58,23.218496322631836,17.842002868652344
10,59,9.322248458862305,16.957508087158203
10,60,8.067459106445312,15.669441223144531
10,61,9.489235877990723,13.536922454833984
10,62,9.13306999206543,13.92297649383545
10,63,8.01653003692627,13.163792610168457
10,64,10.313572883605957,12.348518371582031
10,65,10.176348686218262,11.442317962646484
10,66,7.9096245765686035,11.25661563873291
10,67,10.010186195373535,13.006868362426758
10,68,7.617339134216309,12.821854591369629
10,69,5.716264724731445,12.092307090759277
10,70,48.50728225708008,15.294370651245117
10,71,58.11258316040039,16.870065689086914
10,72,8.595658302307129,15.273599624633789
10,73,6.818243980407715,9.367226600646973
10,74,8.362950325012207,15.732254028320312
10,75,9.509587287902832,10.844718933105469
10,76,8.337066650390625,12.199535369873047
10,77,27.314590454101562,11.282410621643066
10,78,8.111039161682129,9.825940132141113
10,79,27.43973159790039,16.650806427001953
10,80,7.359082221984863,10.872776985168457
10,81,10.01346206665039,15.751680374145508
10,82,8.730963706970215,11.391942024230957
10,83,17.364715576171875,17.1285343170166
10,84,35.22976303100586,12.56187629699707
10,85,40.05836868286133,36.05764389038086
10,86,15.588346481323242,11.369054794311523
10,87,19.593568801879883,12.064128875732422
10,88,6.628037452697754,16.113447189331055
10,89,8.626385688781738,12.453731536865234
10,90,6.7307257652282715,10.337932586669922
10,91,9.340686798095703,14.181857109069824
10,92,9.430511474609375,13.208481788635254
10,93,9.653714179992676,11.34451675415039
10,94,22.576934814453125,13.89224624633789
10,95,9.5321626663208,12.929197311401367
10,96,26.255247116088867,10.971124649047852
10,97,36.67828369140625,10.964838027954102
10,98,8.08711051940918,9.827116966247559
10,99,29.420406341552734,9.603153228759766
10,100,43.226375579833984,20.985708236694336
10,101,6.272802352905273,11.191998481750488
10,102,6.539511680603027,11.048115730285645
10,103,8.71484088897705,10.434910774230957
10,104,7.345166206359863,12.57652473449707
10,105,28.12497329711914,11.037776947021484
10,106,8.197973251342773,12.16723918914795
10,107,13.909686088562012,13.044672966003418
10,108,15.792165756225586,11.30936050415039
10,109,27.176342010498047,16.695144653320312
10,110,9.171539306640625,11.737387657165527
10,111,9.239970207214355,11.977888107299805
10,112,11.595918655395508,11.968756675720215
10,113,20.753320693969727,13.68529224395752
10,114,39.85247802734375,13.15578842163086
10,115,8.217826843261719,10.509965896606445
10,116,11.688531875610352,10.324533462524414
10,117,16.047420501708984,13.196576118469238
10,118,9.237027168273926,11.505414009094238
10,119,11.436305046081543,13.258618354797363
10,120,7.744151592254639,11.543660163879395
10,121,8.492326736450195,10.30213737487793
10,122,8.992555618286133,17.299516677856445
10,123,36.929115295410156,17.077707290649414
10,124,26.564533233642578,14.790748596191406
10,125,51.81980895996094,26.699054718017578
10,126,28.29106330871582,14.019145965576172
10,127,6.386062145233154,12.139272689819336
10,128,26.784143447875977,11.131368637084961
10,129,54.79024887084961,9.597371101379395
10,130,71.79214477539062,9.779909133911133
10,131,30.18559455871582,14.38622760772705
10,132,10.079935073852539,16.33344268798828
10,133,67.68960571289062,12.582462310791016
10,134,44.788116455078125,30.362424850463867
10,135,7.865509986877441,11.576351165771484
10,136,8.448128700256348,12.392576217651367
10,137,31.630403518676758,16.58997917175293
10,138,9.401257514953613,11.888472557067871
10,139,12.041099548339844,12.608108520507812
10,140,8.332529067993164,18.550148010253906
10,141,9.152506828308105,16.24408721923828
10,142,16.988332748413086,14.361530303955078
10,143,8.823823928833008,14.310406684875488
10,144,9.310473442077637,14.556769371032715
10,145,21.51388931274414,15.840597152709961
10,146,37.60603332519531,16.336204528808594
10,147,8.939043998718262,16.72725486755371
10,148,7.864727020263672,13.454930305480957
10,149,5.140027046203613,11.084991455078125
10,150,23.61685562133789,17.01442527770996
10,151,8.531365394592285,11.1275053024292
10,152,7.5479912757873535,13.873344421386719
10,153,8.601130485534668,15.816303253173828
10,154,8.288263320922852,10.090264320373535
10,155,8.353318214416504,11.176198959350586
10,156,27.020465850830078,14.07933521270752
10,157,8.895009994506836,11.057570457458496
10,158,9.787463188171387,14.37939167022705
10,159,16.049022674560547,14.036669731140137
10,160,15.536253929138184,13.861501693725586
10,161,12.081199645996094,11.879739761352539
10,162,6.581665992736816,10.7393159866333
10,163,23.767030715942383,9.487894058227539
10,164,42.419395446777344,14.3679780960083
10,165,8.567000389099121,12.57490348815918
10,166,20.269123077392578,13.287240028381348
10,167,45.26173782348633,17.089128494262695
10,168,7.560069561004639,14.395475387573242
10,169,30.629179000854492,21.76470375061035
10,170,21.644495010375977,11.321707725524902
10,171,51.92466735839844,17.899456024169922
10,172,9.631583213806152,10.30160903930664
10,173,13.522798538208008,10.522729873657227
10,174,10.884915351867676,33.39408874511719
10,175,8.348891258239746,14.438436508178711
10,176,14.071527481079102,15.995719909667969
10,177,18.85085678100586,17.255413055419922
10,178,8.655634880065918,20.8515567779541
10,179,30.760183334350586,12.20715618133545
10,180,9.805869102478027,16.484575271606445
10,181,7.84528112411499,13.582663536071777
10,182,48.05479049682617,16.760225296020508
10,183,6.054093360900879,12.904172897338867
10,184,7.206998825073242,14.348453521728516
10,185,8.206634521484375,16.92470932006836
10,186,17.10027313232422,16.083263397216797
10,187,31.692541122436523,11.319774627685547
10,188,7.014025688171387,10.348552703857422
10,189,8.72995662689209,15.10318374633789
10,190,15.615762710571289,10.636329650878906
10,191,5.926926136016846,12.035781860351562
10,192,7.129212379455566,10.575852394104004
10,193,8.987408638000488,9.737113952636719
10,194,19.384052276611328,13.745992660522461
10,195,8.249237060546875,16.729093551635742
10,196,9.86779499053955,12.433478355407715
10,197,9.383096694946289,14.022050857543945
10,198,9.452264785766602,11.077560424804688
10,199,14.629738807678223,17.315689086914062
10,200,12.119483947753906,15.663921356201172
10,201,9.793595314025879,13.479377746582031
10,202,10.027695655822754,10.964216232299805
10,203,12.410021781921387,19.080595016479492
10,204,7.594019889831543,10.373573303222656
10,205,8.590027809143066,15.821603775024414
10,206,8.386438369750977,12.085753440856934
10,207,52.57093048095703,17.03813362121582
10,208,18.167348861694336,11.520169258117676
10,209,39.608726501464844,16.894412994384766
10,210,9.144380569458008,10.987421035766602
10,211,14.529374122619629,12.301797866821289
10,212,28.35418128967285,18.485763549804688
10,213,9.81102180480957,13.432549476623535
10,214,24.0341854095459,11.669828414916992
10,215,6.808802127838135,11.761964797973633
10,216,24.786001205444336,17.038618087768555
10,217,9.78754997253418,16.346675872802734
10,218,6.053078651428223,10.094561576843262
10,219,26.396055221557617,13.078166961669922
10,220,8.170292854309082,13.150260925292969
10,221,6.738612651824951,11.999853134155273
10,222,9.134649276733398,10.955949783325195
10,223,8.661568641662598,13.599163055419922
10,224,26.425132751464844,15.60373306274414
10,225,9.504135131835938,16.015684127807617
10,226,8.144181251525879,9.702360153198242
10,227,12.922759056091309,11.695042610168457
10,228,25.246938705444336,11.881806373596191
10,229,63.661808013916016,15.508275985717773
10,230,7.637999057769775,10.643714904785156
10,231,23.701446533203125,13.445507049560547
10,232,27.945392608642578,11.065656661987305
10,233,8.574906349182129,12.815420150756836
10,234,7.259283065795898,15.306121826171875
10,235,9.483777046203613,15.548376083374023
10,236,45.860164642333984,20.794940948486328
10,237,6.858181476593018,11.459306716918945
10,238,7.504005432128906,11.791115760803223
10,239,5.7369842529296875,10.588408470153809
10,240,29.18482208251953,10.185585021972656
10,241,6.855595588684082,12.88277816772461
10,242,6.433681488037109,11.402978897094727
10,243,8.961578369140625,11.868606567382812
10,244,8.745116233825684,10.722501754760742
10,245,45.10566329956055,15.927854537963867
10,246,35.48377990722656,13.892754554748535
10,247,18.91962242126465,16.43613624572754
10,248,31.56479263305664,15.180269241333008
10,249,50.12333679199219,11.136326789855957
10,250,11.92141056060791,13.143845558166504
10,251,8.607672691345215,11.734281539916992
10,252,5.789277076721191,11.739771842956543
10,253,37.605709075927734,11.985316276550293
10,254,35.414100646972656,14.812003135681152
10,255,27.737560272216797,11.023099899291992
10,256,26.274099349975586,11.471077919006348
10,257,19.047393798828125,14.58833122253418
10,258,7.467345714569092,12.297266960144043
10,259,53.97884750366211,16.034088134765625
10,260,7.53663969039917,12.966019630432129
10,261,9.536325454711914,14.178386688232422
10,262,8.376980781555176,15.80562973022461
10,263,65.38192749023438,19.4051456451416
10,264,12.001298904418945,12.847951889038086
10,265,20.076494216918945,17.188884735107422
10,266,8.466841697692871,9.741072654724121
10,267,16.520877838134766,12.220227241516113
10,268,34.962852478027344,11.667825698852539
10,269,9.340895652770996,15.994335174560547
10,270,31.78661346435547,12.992399215698242
10,271,17.987506866455078,13.896574974060059
10,272,10.179195404052734,17.902362823486328
10,273,8.387818336486816,12.774866104125977
10,274,43.367393493652344,17.490663528442383
10,275,22.087997436523438,16.238222122192383
10,276,28.25168800354004,12.154860496520996
10,277,15.224562644958496,18.523942947387695
10,278,8.160074234008789,10.597318649291992
10,279,10.861655235290527,16.286367416381836
10,280,31.467281341552734,15.513492584228516
10,281,21.725337982177734,15.142126083374023
10,282,9.331231117248535,13.272178649902344
10,283,17.269704818725586,19.286230087280273
10,284,6.269806385040283,12.599649429321289
10,285,6.558387279510498,10.664759635925293
10,286,17.413232803344727,11.49049186706543
10,287,7.802613258361816,12.410661697387695
10,288,8.394715309143066,14.43579387664795
10,289,7.690404415130615,11.467320442199707
10,290,21.644052505493164,13.26408576965332
10,291,16.388851165771484,11.42264175415039
10,292,8.69520378112793,17.576244354248047
10,293,7.173295974731445,15.740198135375977
10,294,23.00788688659668,12.21932601928711
10,295,14.337026596069336,11.512377738952637
10,296,13.14689826965332,12.00345516204834
10,297,20.858585357666016,12.074745178222656
10,298,9.365094184875488,15.045722961425781
10,299,50.12868881225586,15.776325225830078
10,300,21.736194610595703,12.778528213500977
10,301,23.202739715576172,17.132719039916992
10,302,24.73179054260254,16.008947372436523
10,303,8.720049858093262,10.795534133911133
10,304,9.0602445602417,11.323993682861328
10,305,8.743264198303223,12.534926414489746
10,306,7.2411346435546875,11.230145454406738
10,307,5.088820934295654,12.817914009094238
10,308,8.920904159545898,9.857973098754883
10,309,11.775395393371582,16.41969871520996
10,310,8.412857055664062,17.08208656311035
10,311,14.120734214782715,11.118501663208008
10,312,9.700333595275879,17.431001663208008
10,313,10.301902770996094,15.906061172485352
10,314,10.030988693237305,15.246164321899414
10,315,21.79037857055664,16.40320587158203
10,316,8.950209617614746,12.59807014465332
10,317,22.629575729370117,10.853960037231445
10,318,10.197175025939941,13.289740562438965
10,319,10.88425350189209,13.909022331237793
10,320,8.537690162658691,13.47271728515625
10,321,7.917983055114746,10.239461898803711
10,322,8.988778114318848,13.049200057983398
10,323,8.394392967224121,13.012226104736328
10,324,7.213752269744873,10.486666679382324
10,325,8.82603931427002,11.138326644897461
10,326,76.30950164794922,20.467430114746094
10,327,7.492124557495117,12.454004287719727
10,328,6.672690391540527,11.245712280273438
10,329,22.425922393798828,10.54647159576416
10,330,7.5274658203125,12.003189086914062
10,331,6.599041938781738,11.744194984436035
10,332,8.896549224853516,11.702836036682129
10,333,30.659223556518555,12.787055969238281
10,334,7.9796366691589355,13.337636947631836
10,335,12.243714332580566,11.573134422302246
10,336,8.394315719604492,11.597564697265625
10,337,7.022668838500977,11.694183349609375
10,338,9.746853828430176,10.531455993652344
10,339,39.99165725708008,11.105786323547363
10,340,8.59345817565918,12.98080825805664
10,341,8.458818435668945,25.137828826904297
10,342,8.14046859741211,14.162313461303711
10,343,7.7829365730285645,12.451640129089355
10,344,8.67531681060791,10.83724594116211
10,345,7.1027913093566895,12.093643188476562
10,346,31.657846450805664,12.500142097473145
10,347,8.326619148254395,12.620841979980469
10,348,9.208081245422363,12.321582794189453
10,349,30.82356071472168,12.078564643859863
10,350,8.373381614685059,12.226210594177246
10,351,61.43961715698242,11.774707794189453
10,352,40.79682159423828,16.699359893798828
10,353,8.751907348632812,10.268354415893555
10,354,29.148685455322266,13.971443176269531
10,355,13.479329109191895,13.383649826049805
10,356,15.368037223815918,11.511372566223145
10,357,37.146915435791016,10.369487762451172
10,358,16.298778533935547,9.759796142578125
10,359,7.502366542816162,10.314787864685059
10,360,9.012428283691406,17.10533905029297
10,361,45.409183502197266,22.87605094909668
10,362,8.58220100402832,10.243897438049316
10,363,8.069916725158691,14.487959861755371
10,364,7.705824851989746,14.720993995666504
10,365,12.6716890335083,15.257923126220703
10,366,11.30907917022705,15.394588470458984
10,367,7.590239524841309,15.529382705688477
10,368,6.614896297454834,11.460310935974121
10,369,7.409512996673584,11.811235427856445
10,370,7.74813175201416,11.74583625793457
10,371,11.046282768249512,17.405269622802734
10,372,40.58797836303711,13.654017448425293
10,373,17.002790451049805,11.781875610351562
10,374,28.96353530883789,11.657289505004883
10,375,62.591182708740234,13.114023208618164
10,376,8.507835388183594,12.942670822143555
10,377,6.270110130310059,17.479345321655273
10,378,44.6598014831543,11.517748832702637
10,379,8.871399879455566,20.21237564086914
10,380,8.788010597229004,16.241518020629883
10,381,9.60009765625,16.91082191467285
10,382,8.76883602142334,16.19336700439453
10,383,8.68165397644043,13.285700798034668
10,384,8.051213264465332,10.079837799072266
10,385,7.597829818725586,11.749759674072266
10,386,7.756106376647949,10.948848724365234
10,387,7.340231895446777,13.356341361999512
10,388,8.257884979248047,10.653404235839844
10,389,8.545584678649902,17.27142333984375
10,390,39.629852294921875,15.690967559814453
10,391,7.335339069366455,13.260916709899902
10,392,24.19585609436035,10.769759178161621
10,393,27.2681884765625,10.766586303710938
10,394,34.107276916503906,12.902042388916016
10,395,10.539375305175781,12.967370986938477
10,396,6.625184059143066,10.01083755493164
10,397,23.04543113708496,15.858200073242188
10,398,7.658895969390869,11.040609359741211
10,399,51.806610107421875,14.229689598083496
10,400,7.229442119598389,18.277986526489258
10,401,8.620827674865723,13.652246475219727
10,402,10.447038650512695,15.677034378051758
10,403,6.079468727111816,11.225125312805176
10,404,33.084529876708984,20.751144409179688
10,405,7.415384769439697,9.64738941192627
10,406,37.93821334838867,16.852439880371094
10,407,16.143524169921875,11.64781379699707
10,408,19.785385131835938,15.825551986694336
10,409,5.9193949699401855,10.081195831298828
10,410,24.80997657775879,16.38693618774414
10,411,31.0943546295166,11.301884651184082
10,412,10.51919937133789,14.057136535644531
10,413,26.54804229736328,17.485637664794922
10,414,54.880462646484375,13.464827537536621
10,415,20.2857608795166,12.472602844238281
10,416,8.727296829223633,15.57980728149414
10,417,10.65722942352295,16.337646484375
10,418,8.323421478271484,10.472972869873047
10,419,7.574626445770264,13.054460525512695
10,420,26.417373657226562,9.690369606018066
10,421,9.282941818237305,10.099366188049316
10,422,5.078571796417236,9.978074073791504
10,423,33.246089935302734,18.20926284790039
10,424,46.27114486694336,13.01511287689209
10,425,7.503982067108154,13.222187995910645
10,426,9.296426773071289,10.864296913146973
10,427,9.606019973754883,14.780477523803711
10,428,8.267620086669922,13.66124153137207
10,429,25.3018741607666,19.195758819580078
10,430,7.3831634521484375,11.494771957397461
10,431,20.090946197509766,16.801254272460938
10,432,21.64595603942871,11.440935134887695
10,433,28.82192611694336,11.665038108825684
10,434,22.681259155273438,15.777885437011719
10,435,5.286154747009277,12.224936485290527
10,436,5.767294883728027,9.811309814453125
10,437,20.393190383911133,15.101444244384766
10,438,5.788904190063477,11.567110061645508
10,439,20.431743621826172,11.797650337219238
10,440,7.560460090637207,14.485833168029785
10,441,12.5267333984375,15.472789764404297
10,442,7.858291149139404,12.166162490844727
10,443,9.048544883728027,12.66589069366455
10,444,33.754451751708984,9.251776695251465
10,445,20.36037254333496,13.611800193786621
10,446,7.635754585266113,12.03097152709961
10,447,7.924603462219238,12.037997245788574
10,448,6.895331859588623,12.142349243164062
10,449,31.175180435180664,15.579057693481445
10,450,40.14326095581055,11.591042518615723
10,451,9.722695350646973,17.786035537719727
10,452,8.278514862060547,10.230520248413086
10,453,10.493539810180664,10.248004913330078
10,454,55.301937103271484,35.14527130126953
10,455,8.202105522155762,10.608165740966797
10,456,22.021493911743164,13.612044334411621
10,457,21.342119216918945,13.283231735229492
10,458,28.220712661743164,19.65650749206543
10,459,7.256881237030029,11.250986099243164
10,460,26.152463912963867,16.374433517456055
10,461,30.504722595214844,12.933293342590332
10,462,9.01123332977295,11.67441463470459
10,463,7.541570663452148,11.39588451385498
10,464,8.534310340881348,17.271854400634766
10,465,6.423815727233887,11.734148025512695
10,466,8.216571807861328,18.813228607177734
10,467,23.643707275390625,17.75221061706543
10,468,8.434457778930664,11.619705200195312
10,469,9.33566665649414,15.043313980102539
10,470,14.67879581451416,12.822697639465332
10,471,10.407737731933594,14.056662559509277
10,472,23.47190284729004,11.961681365966797
10,473,19.369064331054688,10.066524505615234
10,474,15.414441108703613,13.741415977478027
10,475,8.880678176879883,12.028613090515137
10,476,10.200593948364258,15.187753677368164
10,477,8.428166389465332,16.890161514282227
10,478,44.40940475463867,19.098495483398438
10,479,7.642930030822754,10.319015502929688
10,480,8.36588191986084,16.741085052490234
10,481,25.960968017578125,20.241308212280273
10,482,19.052515029907227,12.427474021911621
10,483,8.319324493408203,14.168954849243164
10,484,17.88430404663086,18.105430603027344
10,485,7.95623254776001,11.656359672546387
10,486,25.467723846435547,18.497079849243164
10,487,24.89006996154785,13.917167663574219
10,488,32.28512954711914,32.754188537597656
10,489,9.515575408935547,14.710491180419922
10,490,33.44818115234375,15.27186393737793
10,491,10.92673397064209,12.308018684387207
10,492,9.105963706970215,13.273828506469727
10,493,30.030841827392578,12.037453651428223
10,494,7.333498477935791,12.224145889282227
10,495,9.057766914367676,13.667464256286621
10,496,10.549893379211426,15.51971435546875
10,497,22.2664794921875,12.491377830505371
10,498,15.298030853271484,12.832647323608398
10,499,21.885591506958008,12.200098037719727
10,500,30.81269073486328,11.393407821655273
